{
  "project_info": {
    "project_number": "140150272190",
    "project_id": "login-page-c1681",
    "storage_bucket": "login-page-c1681.appspot.com"
  },
  "client": [
    {
      "client_info": {
        "mobilesdk_app_id": "1:140150272190:android:264fd5925a4ca8235c2eef",
        "android_client_info": {
          "package_name": "com.example.login"
        }
      },
      "oauth_client": [
        {
          "client_id": "140150272190-ecpbsur2pc0p7vqjibhnrf8ihl1q50bl.apps.googleusercontent.com",
          "client_type": 3
        }
      ],
      "api_key": [
        {
          "current_key": "AIzaSyCJhFyYfjJ4d6uyJCOde8FzB-wkyDUnMzM"
        }
      ],
      "services": {
        "appinvite_service": {
          "other_platform_oauth_client": [
            {
              "client_id": "140150272190-ecpbsur2pc0p7vqjibhnrf8ihl1q50bl.apps.googleusercontent.com",
              "client_type": 3
            }
          ]
        }
      }
    }
  ],
  "configuration_version": "1"
}